NN_auc,NN_f1,RF_auc,RF_f1,SVM_auc,SVM_f1,XGB_auc,XGB_f1,base_f1
0.6866258741258742,0.3902439024390244,0.5812937062937064,0.0,0.6031468531468531,0.19607843137254902,0.5712412587412588,0.1702127659574468,0.37142857142857144
0.546031746031746,0.3235294117647059,0.6182539682539682,0.06060606060606061,0.5623015873015873,0.15384615384615385,0.5515873015873016,0.13793103448275862,0.4166666666666667
0.655266226195103,0.3448275862068966,0.6311698406529342,0.0,0.5429459774582199,0.18867924528301888,0.5102992615623786,0.07692307692307693,0.42758620689655175
0.6521348314606742,0.375,0.6539325842696629,0.0,0.6085393258426967,0.17391304347826086,0.5429213483146067,0.1568627450980392,0.3597122302158273
0.6350524475524476,0.35294117647058826,0.5349650349650349,0.0,0.5327797202797202,0.1276595744680851,0.49388111888111885,0.12,0.37142857142857144
0.546112115732369,0.23076923076923078,0.7084990958408679,0.0,0.52875226039783,0.07547169811320754,0.504882459312839,0.11538461538461539,0.4697986577181208
0.5720274390243902,0.4,0.7004573170731707,0.0,0.5865091463414634,0.21818181818181817,0.5114329268292683,0.11320754716981132,0.4383561643835616
0.4772638942868247,0.21052631578947367,0.6218422075398368,0.12121212121212122,0.5083560046638166,0.125,0.5118538670812282,0.14545454545454545,0.42758620689655175
0.580030487804878,0.3050847457627119,0.6673018292682926,0.058823529411764705,0.5571646341463414,0.13559322033898305,0.5,0.19672131147540983,0.4383561643835616
0.5925925925925927,0.39215686274509803,0.7453703703703703,0.0,0.6041666666666666,0.2692307692307692,0.5439814814814815,0.2222222222222222,0.34782608695652173
0.6905594405594405,0.3137254901960784,0.6638986013986015,0.0,0.6311188811188811,0.24489795918367346,0.5939685314685315,0.16,0.37142857142857144
0.7033707865168539,0.34615384615384615,0.626067415730337,0.0,0.6265168539325843,0.3018867924528302,0.618876404494382,0.26666666666666666,0.3597122302158273
0.447340425531915,0.1276595744680851,0.6590425531914894,0.0,0.4218085106382979,0.0,0.46117021276595743,0.08888888888888889,0.29850746268656714
0.6305617977528091,0.3137254901960784,0.7092134831460675,0.21428571428571427,0.5555056179775281,0.09090909090909091,0.5042696629213483,0.17777777777777778,0.3597122302158273
0.6460317460317461,0.2857142857142857,0.6000000000000001,0.0,0.6063492063492064,0.25,0.5638888888888889,0.11764705882352941,0.4166666666666667
0.639196675900277,0.27586206896551724,0.6862880886426592,0.08888888888888889,0.5110803324099724,0.15873015873015872,0.5259695290858726,0.1694915254237288,0.5
0.6794019933554817,0.14634146341463414,0.6769102990033222,0.12903225806451613,0.6015365448504983,0.1702127659574468,0.5921926910299004,0.2,0.39436619718309857
0.6695884146341463,0.4,0.6391006097560976,0.0,0.592797256097561,0.22950819672131148,0.6124237804878049,0.29508196721311475,0.4383561643835616
0.5512465373961218,0.2631578947368421,0.6260387811634349,0.0,0.5650969529085872,0.15384615384615385,0.5240997229916897,0.20512820512820512,0.2857142857142857
0.5420224719101123,0.0851063829787234,0.6885393258426966,0.0,0.5325842696629213,0.12244897959183673,0.5420224719101124,0.1276595744680851,0.3597122302158273
0.6476404494382024,0.2978723404255319,0.7438202247191011,0.0,0.651685393258427,0.22641509433962265,0.6355056179775281,0.20833333333333334,0.3597122302158273
0.6889534883720931,0.4444444444444444,0.6283222591362125,0.0,0.617109634551495,0.24561403508771928,0.6075581395348837,0.14814814814814814,0.39436619718309857
0.5753378378378379,0.3561643835616438,0.6706081081081081,0.0,0.6216216216216216,0.3380281690140845,0.5567567567567567,0.21875,0.5194805194805194
0.5185185185185185,0.22580645161290322,0.6811409110259684,0.1875,0.4623243933588761,0.16666666666666666,0.5393784589186889,0.2,0.3829787234042553
0.6087301587301588,0.41379310344827586,0.628968253968254,0.0,0.5845238095238096,0.26666666666666666,0.5753968253968254,0.25,0.4166666666666667
0.6657200811359026,0.34615384615384615,0.7225152129817445,0.0,0.6093306288032455,0.19607843137254902,0.6734279918864097,0.2127659574468085,0.40559440559440557
0.5186980609418282,0.27692307692307694,0.606994459833795,0.0,0.5356648199445984,0.2571428571428571,0.5079639889196677,0.1694915254237288,0.5
0.5967510750119446,0.17777777777777778,0.6230291447682752,0.0,0.5824175824175825,0.19607843137254902,0.5585284280936456,0.2,0.3357664233576642
0.5273809523809524,0.23076923076923078,0.623015873015873,0.0,0.44047619047619047,0.0,0.5750000000000001,0.24561403508771928,0.4166666666666667
0.5627470355731226,0.18604651162790697,0.666501976284585,0.0,0.6007905138339922,0.0,0.6704545454545455,0.2,0.3235294117647059
0.6011904761904763,0.18181818181818182,0.6904761904761905,0.17647058823529413,0.5948412698412698,0.21818181818181817,0.5674603174603174,0.22641509433962265,0.4166666666666667
0.6379573170731707,0.3508771929824561,0.6848323170731707,0.0,0.6185213414634146,0.21818181818181817,0.643673780487805,0.19607843137254902,0.4383561643835616
0.6117109634551495,0.19047619047619047,0.6071428571428572,0.06666666666666667,0.5593853820598007,0.17857142857142858,0.5257475083056479,0.19607843137254902,0.39436619718309857
0.4234189723320158,0.16,0.5360671936758893,0.0,0.4491106719367589,0.16326530612244897,0.44565217391304346,0.13043478260869565,0.3235294117647059
0.4696384696384696,0.1724137931034483,0.5482625482625483,0.0,0.4208494208494209,0.125,0.43243243243243246,0.15625,0.4900662251655629
0.6883903133903133,0.5205479452054794,0.7047720797720798,0.05405405405405406,0.6014957264957265,0.2903225806451613,0.6025641025641026,0.29508196721311475,0.48
0.5658088235294118,0.18518518518518517,0.6286764705882354,0.0,0.5231617647058824,0.1724137931034483,0.5073529411764706,0.19672131147540983,0.4594594594594595
0.6642696629213483,0.2926829268292683,0.6714606741573033,0.0,0.6620224719101123,0.32653061224489793,0.6503370786516854,0.28,0.3597122302158273
0.5602434077079107,0.12244897959183673,0.5318458417849898,0.0,0.45760649087221095,0.1276595744680851,0.46774847870182557,0.12,0.40559440559440557
0.6535727646838758,0.2692307692307692,0.6187803965581744,0.05555555555555555,0.549569771791994,0.13793103448275862,0.5615413393191172,0.1509433962264151,0.4489795918367347
0.5568326947637292,0.23076923076923078,0.5568326947637293,0.0,0.5623669646658153,0.125,0.5125585355470412,0.11320754716981132,0.3829787234042553
0.7198808003405704,0.3793103448275862,0.7364836100468284,0.07142857142857142,0.5857811834823329,0.17391304347826086,0.6168582375478927,0.24489795918367346,0.3829787234042553
0.5890466531440163,0.27586206896551724,0.47464503042596345,0.12121212121212122,0.4912778904665314,0.1111111111111111,0.49290060851926976,0.07692307692307693,0.40559440559440557
0.5717326521924223,0.20408163265306123,0.6424010217113666,0.13333333333333333,0.5100042571306939,0.08163265306122448,0.49808429118773945,0.15384615384615385,0.3829787234042553
0.6627492877492878,0.45161290322580644,0.7076210826210826,0.0,0.6663105413105413,0.31746031746031744,0.5943732193732194,0.3582089552238806,0.48
0.5282454171343061,0.2711864406779661,0.5963337074448186,0.0,0.4702581369248036,0.1111111111111111,0.4549195660306772,0.11320754716981132,0.4489795918367347
0.5705980066445183,0.3548387096774194,0.5946843853820598,0.0,0.5460963455149501,0.26229508196721313,0.529485049833887,0.19607843137254902,0.39436619718309857
0.5371323529411764,0.14814814814814814,0.6231617647058822,0.0,0.5389705882352941,0.26229508196721313,0.4878676470588235,0.14285714285714285,0.4594594594594595
0.6300038865137971,0.44,0.657209483093665,0.0,0.6603186941313641,0.3137254901960784,0.5557714729887291,0.2,0.42758620689655175
0.6463235294117646,0.2692307692307692,0.7275735294117647,0.0,0.630514705882353,0.25396825396825395,0.6643382352941176,0.3,0.4594594594594595
